{
  "metrics": null,
  "test_metrics": {
    "dcg": [
      90.12402750004082,
      20.228136365570293
    ],
    "dcg@03": [
      5.307221873260153,
      3.5946554891322196
    ],
    "dcg@05": [
      7.26762871680292,
      4.1941439840792
    ],
    "dcg@10": [
      11.368398064511034,
      5.583058084032429
    ],
    "dcg@20": [
      17.644704276330575,
      7.788443348500847
    ],
    "ndcg": [
      0.6963700348489499,
      0.05658278202376055
    ],
    "ndcg@03": [
      0.1955932499277446,
      0.15550959961309915
    ],
    "ndcg@05": [
      0.2005934467443845,
      0.13329325675032147
    ],
    "ndcg@10": [
      0.22720503068181738,
      0.12392597576485175
    ],
    "ndcg@20": [
      0.26367493120967034,
      0.11751457909271215
    ],
    "precision@01": [
      0.10256410256410256,
      0.3033887068256214
    ],
    "precision@03": [
      0.13105413105413105,
      0.20881461198642387
    ],
    "precision@05": [
      0.12307692307692308,
      0.1608655091421346
    ],
    "precision@10": [
      0.1316239316239316,
      0.1453845902611313
    ],
    "precision@20": [
      0.1329059829059829,
      0.12594300589328336
    ],
    "recall@01": [
      0.005219756036749501,
      0.01991401927187066
    ],
    "recall@03": [
      0.01692492968350309,
      0.03805960848603098
    ],
    "recall@05": [
      0.024945312087131077,
      0.04221054034380351
    ],
    "recall@10": [
      0.052014737529660494,
      0.06335404264907844
    ],
    "recall@20": [
      0.10022498218175702,
      0.08411779735728922
    ],
    "relevant rank": [
      115.25240783792759,
      72.31626857155985
    ],
    "relevant rank per query": [
      2966.025641025641,
      1391.2946775160244
    ]
  },
  "test_query_level_metrics": {
    "ndcg": [
      0.7464262393447069,
      0.6513807999363684,
      0.6912528603717433,
      0.7011533680777343,
      0.7566887911862868,
      0.6557159333061351,
      0.6822712970947283,
      0.7221317182565454,
      0.7672735893153999,
      0.5404827864396031,
      0.7337529433791966,
      0.6321835624532466,
      0.8208793735004729,
      0.6953771646791919,
      0.7297532079411356,
      0.6670231577529024,
      0.6914096967314438,
      0.68918200270136,
      0.7615671253815558,
      0.6573787361501051,
      0.6426613638237564,
      0.7364543076529295,
      0.8446389511379688,
      0.7919586189668366,
      0.5778041699045284,
      0.8406253287356441,
      0.7543334310289372,
      0.672665274475463,
      0.6689990016406266,
      0.6723920880361257,
      0.6558775046735241,
      0.7182998022120883,
      0.8276094353705737,
      0.7510357411955023,
      0.6531827300443945,
      0.6867681420555605,
      0.7081595385472481,
      0.6311479800131294,
      0.707531085325237,
      0.6755430745034328,
      0.7120966994429375,
      0.6928718806157244,
      0.6963818976444331,
      0.7516666060609601,
      0.6463626727340723,
      0.638371270742877,
      0.7158571289525901,
      0.7019702941376128,
      0.6980141082163837,
      0.5921476597348277,
      0.8183586555150968,
      0.7244065260430137,
      0.639352267125087,
      0.6509998348516921,
      0.7525727554160794,
      0.6705459884090444,
      0.7220534811704513,
      0.6788039854916296,
      0.7622017265503302,
      0.6635518796108018,
      0.6666197324146722,
      0.6976489330358278,
      0.6415990802009164,
      0.7193889530146861,
      0.6874098033197844,
      0.7648899237771111,
      0.7664624478267121,
      0.6721884028431412,
      0.6903680456944173,
      0.6661563672004261,
      0.7379430645313558,
      0.6853729148502793,
      0.6645091418021645,
      0.7442655025592098,
      0.6840388655742489,
      0.7576546186861651,
      0.7131587694158567,
      0.6341598548862293,
      0.6583063540166724,
      0.7080673266905253,
      0.6340847931417248,
      0.7698415699106111,
      0.7216421966587889,
      0.5955048507178591,
      0.7526174406252409,
      0.6606025966912873,
      0.5935374852330184,
      0.5717204615612127,
      0.7816223624154097,
      0.7447906590046649,
      0.6880787400064593,
      0.726388941060409,
      0.7233243871937157,
      0.6684132315941101,
      0.7331262096496863,
      0.6600169230491613,
      0.7156251935665042,
      0.6837505067742528,
      0.6262088211656845,
      0.6630920282785842,
      0.617303931741437,
      0.7306874387423857,
      0.6157697315265267,
      0.7228495450731013,
      0.6442841244866699,
      0.7145962362172276,
      0.7105487239453497,
      0.6417805337793963,
      0.6892179996011545,
      0.650043375382821,
      0.6720375713753575,
      0.706939675202984,
      0.636111399679166,
      0.6562501498440241,
      0.8269750325003152,
      0.7077079659387568,
      0.718433899842665
    ],
    "precision@05": [
      0.2,
      0.0,
      0.0,
      0.0,
      0.4,
      0.0,
      0.0,
      0.2,
      0.0,
      0.0,
      0.2,
      0.4,
      0.4,
      0.4,
      0.0,
      0.0,
      0.2,
      0.2,
      0.2,
      0.0,
      0.2,
      0.0,
      0.4,
      0.0,
      0.0,
      0.6,
      0.0,
      0.0,
      0.4,
      0.0,
      0.0,
      0.0,
      0.2,
      0.2,
      0.0,
      0.0,
      0.2,
      0.0,
      0.0,
      0.0,
      0.4,
      0.2,
      0.2,
      0.4,
      0.0,
      0.0,
      0.2,
      0.0,
      0.2,
      0.0,
      0.6,
      0.2,
      0.0,
      0.0,
      0.2,
      0.0,
      0.2,
      0.0,
      0.0,
      0.0,
      0.0,
      0.0,
      0.0,
      0.4,
      0.0,
      0.2,
      0.4,
      0.4,
      0.0,
      0.0,
      0.0,
      0.0,
      0.2,
      0.2,
      0.0,
      0.4,
      0.2,
      0.0,
      0.0,
      0.0,
      0.0,
      0.4,
      0.2,
      0.2,
      0.4,
      0.2,
      0.0,
      0.0,
      0.2,
      0.2,
      0.0,
      0.4,
      0.0,
      0.0,
      0.2,
      0.0,
      0.0,
      0.0,
      0.0,
      0.0,
      0.0,
      0.4,
      0.0,
      0.0,
      0.0,
      0.2,
      0.4,
      0.0,
      0.0,
      0.0,
      0.0,
      0.2,
      0.0,
      0.0,
      0.4,
      0.2,
      0.0
    ],