{
  "metrics": null,
  "test_metrics": {
    "dcg": [
      109.21720578483662,
      24.545171453822743
    ],
    "dcg@03": [
      19.356638601923336,
      8.73416619569397
    ],
    "dcg@05": [
      24.29969699748024,
      10.18525834171633
    ],
    "dcg@10": [
      32.16428611614339,
      11.62151387437533
    ],
    "dcg@20": [
      41.41577167890513,
      13.232507149194836
    ],
    "ndcg": [
      0.8422331315059283,
      0.058039929578177475
    ],
    "ndcg@03": [
      0.6622693837804219,
      0.2631080043977
    ],
    "ndcg@05": [
      0.6311706608166024,
      0.2169474085683911
    ],
    "ndcg@10": [
      0.6132945704442004,
      0.1667355934845169
    ],
    "ndcg@20": [
      0.6033476195714325,
      0.13865147926492383
    ],
    "precision@01": [
      0.7606837606837606,
      0.42666611878115157
    ],
    "precision@03": [
      0.680911680911681,
      0.327275908393718
    ],
    "precision@05": [
      0.593162393162393,
      0.2716604516282931
    ],
    "precision@10": [
      0.48888888888888893,
      0.21113360204081974
    ],
    "precision@20": [
      0.3786324786324786,
      0.1801372030886219
    ],
    "recall@01": [
      0.03441453440875036,
      0.02887905737474278
    ],
    "recall@03": [
      0.09187074444177093,
      0.0623010365020652
    ],
    "recall@05": [
      0.13043093607983158,
      0.07805453375257283
    ],
    "recall@10": [
      0.2072130120890786,
      0.10260920833212275
    ],
    "recall@20": [
      0.3113583237606875,
      0.13362693726988772
    ],
    "relevant rank": [
      68.32281634008635,
      63.866844581292604
    ],
    "relevant rank per query": [
      1758.2905982905984,
      1032.3903146128791
    ]
  },
  "test_query_level_metrics": {
    "precision@05": [
      0.4,
      0.8,
      0.6,
      0.4,
      1.0,
      0.4,
      0.0,
      1.0,
      0.8,
      0.6,
      0.6,
      0.4,
      1.0,
      0.8,
      0.2,
      0.4,
      0.4,
      0.8,
      0.6,
      0.8,
      0.6,
      0.8,
      1.0,
      0.2,
      0.2,
      0.4,
      0.6,
      0.8,
      0.4,
      0.4,
      0.8,
      1.0,
      1.0,
      0.4,
      0.6,
      0.2,
      0.8,
      0.4,
      0.8,
      0.4,
      0.6,
      0.4,
      0.4,
      0.0,
      0.4,
      0.6,
      1.0,
      1.0,
      0.6,
      0.2,
      0.4,
      0.8,
      0.2,
      0.0,
      0.8,
      0.0,
      1.0,
      0.6,
      0.8,
      0.6,
      0.8,
      0.0,
      1.0,
      0.6,
      0.4,
      0.8,
      0.6,
      0.6,
      0.2,
      0.8,
      0.8,
      0.8,
      0.8,
      1.0,
      0.8,
      0.8,
      0.8,
      0.8,
      0.6,
      0.0,
      0.8,
      0.2,
      0.8,
      0.8,
      0.4,
      1.0,
      0.4,
      0.4,
      0.8,
      0.4,
      0.6,
      0.8,
      0.4,
      0.6,
      0.6,
      0.6,
      0.8,
      0.6,
      0.6,
      0.4,
      0.8,
      0.8,
      0.2,
      0.8,
      0.4,
      0.6,
      0.8,
      0.0,
      0.4,
      0.6,
      0.4,
      0.4,
      0.6,
      0.8,
      0.6,
      1.0,
      1.0
    ],
    "recall@05": [
      0.09523809523809523,
      0.17391304347826086,
      0.17647058823529413,
      0.2222222222222222,
      0.10869565217391304,
      0.1111111111111111,
      0.0,
      0.10638297872340426,
      0.07547169811320754,
      0.23076923076923078,
      0.1111111111111111,
      0.14285714285714285,
      0.1724137931034483,
      0.13333333333333333,
      0.047619047619047616,
      0.07142857142857142,
      0.09090909090909091,
      0.10810810810810811,
      0.11538461538461539,
      0.26666666666666666,
      0.07692307692307693,
      0.12121212121212122,
      0.09259259259259259,
      0.07692307692307693,
      0.125,
      0.05714285714285714,
      0.125,
      0.1111111111111111,
      0.05555555555555555,
      0.11764705882352941,
      0.14285714285714285,
      0.09433962264150944,
      0.1,
      0.058823529411764705,
      0.15789473684210525,
      0.02564102564102564,
      0.18181818181818182,
      0.25,
      0.10256410256410256,
      0.125,
      0.08333333333333333,
      0.06896551724137931,
      0.04878048780487805,
      0.0,
      0.11764705882352941,
      0.08333333333333333,
      0.10638297872340426,
      0.16129032258064516,
      0.10714285714285714,
      0.02857142857142857,
      0.047619047619047616,
      0.10256410256410256,
      0.05,
      0.0,
      0.14814814814814814,
      0.0,
      0.17857142857142858,
      0.12,
      0.09302325581395349,
      0.15789473684210525,
      0.21052631578947367,
      0.0,
      0.19230769230769232,
      0.09090909090909091,
      0.09090909090909091,
      0.16,
      0.17647058823529413,
      0.10344827586206896,
      0.03225806451612903,
      0.12121212121212122,
      0.10810810810810811,
      0.11764705882352941,
      0.26666666666666666,
      0.11627906976744186,
      0.1,
      0.0975609756097561,
      0.14814814814814814,
      0.11428571428571428,
      0.08108108108108109,
      0.0,
      0.17391304347826086,
      0.03125,
      0.23529411764705882,
      0.2,
      0.09523809523809523,
      0.14285714285714285,
      0.16666666666666666,
      0.2222222222222222,
      0.12121212121212122,
      0.18181818181818182,
      0.10714285714285714,
      0.14285714285714285,
      0.09090909090909091,
      0.2727272727272727,
      0.125,
      0.1111111111111111,
      0.19047619047619047,
      0.1875,
      0.15,
      0.13333333333333333,
      0.18181818181818182,
      0.10256410256410256,
      0.14285714285714285,
      0.3076923076923077,
      0.14285714285714285,
      0.3,
      0.11428571428571428,
      0.0,
      0.13333333333333333,
      0.2,
      0.1111111111111111,
      0.08333333333333333,
      0.21428571428571427,
      0.2857142857142857,
      0.5,
      0.38461538461538464,
      0.18518518518518517
    ],