{
  "metrics": null,
  "test_metrics": {
    "dcg": [
      109.6236332032371,
      24.546784419871543
    ],
    "dcg@03": [
      19.3458453552811,
      8.502751449910525
    ],
    "dcg@05": [
      24.48960180117492,
      9.86766592712717
    ],
    "dcg@10": [
      32.24595230105358,
      11.881435337334956
    ],
    "dcg@20": [
      42.13990026346741,
      13.720789976759923
    ],
    "ndcg": [
      0.8453460560895601,
      0.05607757610989147
    ],
    "ndcg@03": [
      0.6606059440177824,
      0.25735536755977656
    ],
    "ndcg@05": [
      0.6336484669057258,
      0.21059112775809768
    ],
    "ndcg@10": [
      0.6135489251283287,
      0.17177527375776475
    ],
    "ndcg@20": [
      0.6122998848371639,
      0.14226618296550833
    ],
    "precision@01": [
      0.7350427350427351,
      0.44131044934788327
    ],
    "precision@03": [
      0.6609686609686609,
      0.32315781056294557
    ],
    "precision@05": [
      0.5829059829059828,
      0.2774396363978059
    ],
    "precision@10": [
      0.48290598290598286,
      0.22543048970957888
    ],
    "precision@20": [
      0.3867521367521368,
      0.17751768449199676
    ],
    "recall@01": [
      0.0324198137210602,
      0.027405845874259878
    ],
    "recall@03": [
      0.08793973282243188,
      0.05737511652110891
    ],
    "recall@05": [
      0.12740954503314567,
      0.07434473646437753
    ],
    "recall@10": [
      0.20553270796141768,
      0.10691479289434586
    ],
    "recall@20": [
      0.31814049838107306,
      0.13142576663135885
    ],
    "relevant rank": [
      67.15078047160412,
      63.55144085354716
    ],
    "relevant rank per query": [
      1728.128205128205,
      1055.3432020730202
    ]
  },
  "test_query_level_metrics": {
    "precision@05": [
      0.8,
      0.8,
      0.4,
      0.2,
      0.6,
      0.6,
      0.2,
      0.8,
      0.8,
      0.6,
      0.4,
      0.8,
      0.6,
      1.0,
      0.0,
      0.6,
      0.4,
      0.8,
      0.6,
      0.8,
      0.8,
      1.0,
      1.0,
      0.0,
      0.0,
      0.4,
      0.4,
      1.0,
      0.4,
      0.4,
      0.8,
      1.0,
      1.0,
      0.4,
      0.4,
      0.2,
      0.6,
      0.4,
      0.8,
      0.4,
      0.6,
      0.2,
      0.8,
      0.0,
      0.4,
      0.6,
      0.8,
      1.0,
      0.8,
      0.2,
      0.4,
      0.8,
      0.4,
      0.0,
      0.8,
      0.0,
      1.0,
      0.8,
      0.8,
      0.8,
      0.8,
      0.0,
      1.0,
      0.6,
      0.6,
      0.6,
      0.8,
      0.6,
      0.4,
      0.6,
      0.8,
      1.0,
      0.4,
      1.0,
      0.6,
      0.6,
      0.6,
      0.6,
      0.4,
      0.0,
      0.4,
      0.2,
      0.8,
      1.0,
      0.2,
      1.0,
      0.8,
      0.4,
      0.4,
      0.4,
      0.2,
      0.8,
      0.4,
      0.6,
      0.8,
      0.8,
      0.8,
      0.4,
      0.6,
      0.6,
      0.8,
      0.8,
      0.4,
      0.8,
      0.6,
      0.6,
      1.0,
      0.2,
      0.4,
      0.6,
      0.6,
      0.6,
      0.4,
      0.6,
      0.2,
      0.8,
      0.8
    ],
    "recall@05": [
      0.19047619047619047,
      0.17391304347826086,
      0.11764705882352941,
      0.1111111111111111,
      0.06521739130434782,
      0.16666666666666666,
      0.05555555555555555,
      0.0851063829787234,
      0.07547169811320754,
      0.23076923076923078,
      0.07407407407407407,
      0.2857142857142857,
      0.10344827586206896,
      0.16666666666666666,
      0.0,
      0.10714285714285714,
      0.09090909090909091,
      0.10810810810810811,
      0.11538461538461539,
      0.26666666666666666,
      0.10256410256410256,
      0.15151515151515152,
      0.09259259259259259,
      0.0,
      0.0,
      0.05714285714285714,
      0.08333333333333333,
      0.1388888888888889,
      0.05555555555555555,
      0.11764705882352941,
      0.14285714285714285,
      0.09433962264150944,
      0.1,
      0.058823529411764705,
      0.10526315789473684,
      0.02564102564102564,
      0.13636363636363635,
      0.25,
      0.10256410256410256,
      0.125,
      0.08333333333333333,
      0.034482758620689655,
      0.0975609756097561,
      0.0,
      0.11764705882352941,
      0.08333333333333333,
      0.0851063829787234,
      0.16129032258064516,
      0.14285714285714285,
      0.02857142857142857,
      0.047619047619047616,
      0.10256410256410256,
      0.1,
      0.0,
      0.14814814814814814,
      0.0,
      0.17857142857142858,
      0.16,
      0.09302325581395349,
      0.21052631578947367,
      0.21052631578947367,
      0.0,
      0.19230769230769232,
      0.09090909090909091,
      0.13636363636363635,
      0.12,
      0.23529411764705882,
      0.10344827586206896,
      0.06451612903225806,
      0.09090909090909091,
      0.10810810810810811,
      0.14705882352941177,
      0.13333333333333333,
      0.11627906976744186,
      0.075,
      0.07317073170731707,
      0.1111111111111111,
      0.08571428571428572,
      0.05405405405405406,
      0.0,
      0.08695652173913043,
      0.03125,
      0.23529411764705882,
      0.25,
      0.047619047619047616,
      0.14285714285714285,
      0.3333333333333333,
      0.2222222222222222,
      0.06060606060606061,
      0.18181818181818182,
      0.03571428571428571,
      0.14285714285714285,
      0.09090909090909091,
      0.2727272727272727,
      0.16666666666666666,
      0.14814814814814814,
      0.19047619047619047,
      0.125,
      0.15,
      0.2,
      0.18181818181818182,
      0.10256410256410256,
      0.2857142857142857,
      0.3076923076923077,
      0.21428571428571427,
      0.3,
      0.14285714285714285,
      0.1,
      0.13333333333333333,
      0.2,
      0.16666666666666666,
      0.125,
      0.14285714285714285,
      0.21428571428571427,
      0.16666666666666666,
      0.3076923076923077,
      0.14814814814814814
    ],