{
  "metrics": null,
  "test_metrics": {
    "dcg": [
      109.04438305305024,
      24.50306016550766
    ],
    "dcg@03": [
      19.052303467399522,
      8.486654195728617
    ],
    "dcg@05": [
      24.33567927573376,
      9.819798312341423
    ],
    "dcg@10": [
      32.27878608388941,
      12.10701723828007
    ],
    "dcg@20": [
      41.79397672203705,
      13.762617532011905
    ],
    "ndcg": [
      0.8407869134532068,
      0.056597343444283965
    ],
    "ndcg@03": [
      0.6478233112057542,
      0.2526589497603512
    ],
    "ndcg@05": [
      0.6273321153646001,
      0.20339286534624185
    ],
    "ndcg@10": [
      0.6109830917165483,
      0.16785988856359235
    ],
    "ndcg@20": [
      0.6063901096059241,
      0.13882254189814888
    ],
    "precision@01": [
      0.7692307692307693,
      0.4213250442347431
    ],
    "precision@03": [
      0.6723646723646726,
      0.31421802117292846
    ],
    "precision@05": [
      0.605128205128205,
      0.2568201851394649
    ],
    "precision@10": [
      0.48547008547008547,
      0.2219821188089997
    ],
    "precision@20": [
      0.3863247863247863,
      0.17560930942458114
    ],
    "recall@01": [
      0.035053567721650046,
      0.028263404219199876
    ],
    "recall@03": [
      0.0904370723162058,
      0.057948236807906464
    ],
    "recall@05": [
      0.1335069976099599,
      0.07070680657936325
    ],
    "recall@10": [
      0.20726633216986423,
      0.103737951928144
    ],
    "recall@20": [
      0.3182194212230473,
      0.13282981378234082
    ],
    "relevant rank": [
      67.9837263367652,
      62.89749111138781
    ],
    "relevant rank per query": [
      1749.5641025641025,
      1036.4485167832233
    ]
  },
  "test_query_level_metrics": {
    "precision@05": [
      0.8,
      0.8,
      0.6,
      0.2,
      1.0,
      0.4,
      0.2,
      1.0,
      0.6,
      0.6,
      0.4,
      0.6,
      0.4,
      1.0,
      0.2,
      0.6,
      0.4,
      0.6,
      0.4,
      0.8,
      0.6,
      1.0,
      1.0,
      0.0,
      0.2,
      0.6,
      0.8,
      1.0,
      0.8,
      0.6,
      0.6,
      0.6,
      0.8,
      0.8,
      0.4,
      0.4,
      0.4,
      0.2,
      0.8,
      0.4,
      0.6,
      0.2,
      0.6,
      0.2,
      0.4,
      0.6,
      0.8,
      1.0,
      0.8,
      0.2,
      0.2,
      0.6,
      0.2,
      0.0,
      1.0,
      0.4,
      0.8,
      0.8,
      0.8,
      0.8,
      0.6,
      0.2,
      1.0,
      0.8,
      0.4,
      0.4,
      0.6,
      0.6,
      0.4,
      0.8,
      1.0,
      1.0,
      0.4,
      0.8,
      0.8,
      0.8,
      0.8,
      0.6,
      0.8,
      0.2,
      0.8,
      0.0,
      0.8,
      1.0,
      0.6,
      0.8,
      0.6,
      0.4,
      0.6,
      0.6,
      0.8,
      0.8,
      0.4,
      0.6,
      0.8,
      0.8,
      0.8,
      0.6,
      0.6,
      0.6,
      0.8,
      0.4,
      0.2,
      0.6,
      0.6,
      0.6,
      1.0,
      0.2,
      0.8,
      0.6,
      0.4,
      0.4,
      1.0,
      0.6,
      0.4,
      0.8,
      0.8
    ],
    "recall@05": [
      0.19047619047619047,
      0.17391304347826086,
      0.17647058823529413,
      0.1111111111111111,
      0.10869565217391304,
      0.1111111111111111,
      0.05555555555555555,
      0.10638297872340426,
      0.05660377358490566,
      0.23076923076923078,
      0.07407407407407407,
      0.21428571428571427,
      0.06896551724137931,
      0.16666666666666666,
      0.047619047619047616,
      0.10714285714285714,
      0.09090909090909091,
      0.08108108108108109,
      0.07692307692307693,
      0.26666666666666666,
      0.07692307692307693,
      0.15151515151515152,
      0.09259259259259259,
      0.0,
      0.125,
      0.08571428571428572,
      0.16666666666666666,
      0.1388888888888889,
      0.1111111111111111,
      0.17647058823529413,
      0.10714285714285714,
      0.05660377358490566,
      0.08,
      0.11764705882352941,
      0.10526315789473684,
      0.05128205128205128,
      0.09090909090909091,
      0.125,
      0.10256410256410256,
      0.125,
      0.08333333333333333,
      0.034482758620689655,
      0.07317073170731707,
      0.043478260869565216,
      0.11764705882352941,
      0.08333333333333333,
      0.0851063829787234,
      0.16129032258064516,
      0.14285714285714285,
      0.02857142857142857,
      0.023809523809523808,
      0.07692307692307693,
      0.05,
      0.0,
      0.18518518518518517,
      0.13333333333333333,
      0.14285714285714285,
      0.16,
      0.09302325581395349,
      0.21052631578947367,
      0.15789473684210525,
      0.03225806451612903,
      0.19230769230769232,
      0.12121212121212122,
      0.09090909090909091,
      0.08,
      0.17647058823529413,
      0.10344827586206896,
      0.06451612903225806,
      0.12121212121212122,
      0.13513513513513514,
      0.14705882352941177,
      0.13333333333333333,
      0.09302325581395349,
      0.1,
      0.0975609756097561,
      0.14814814814814814,
      0.08571428571428572,
      0.10810810810810811,
      0.07142857142857142,
      0.17391304347826086,
      0.0,
      0.23529411764705882,
      0.25,
      0.14285714285714285,
      0.11428571428571428,
      0.25,
      0.2222222222222222,
      0.09090909090909091,
      0.2727272727272727,
      0.14285714285714285,
      0.14285714285714285,
      0.09090909090909091,
      0.2727272727272727,
      0.16666666666666666,
      0.14814814814814814,
      0.19047619047619047,
      0.1875,
      0.15,
      0.2,
      0.18181818181818182,
      0.05128205128205128,
      0.14285714285714285,
      0.23076923076923078,
      0.21428571428571427,
      0.3,
      0.14285714285714285,
      0.1,
      0.26666666666666666,
      0.2,
      0.1111111111111111,
      0.08333333333333333,
      0.35714285714285715,
      0.21428571428571427,
      0.3333333333333333,
      0.3076923076923077,
      0.14814814814814814
    ],