{
  "metrics": null,
  "test_metrics": {
    "dcg": [
      90.11950339539418,
      20.22914092998691
    ],
    "dcg@03": [
      5.290127856166136,
      3.5846833097198774
    ],
    "dcg@05": [
      7.272181491566052,
      4.177940943962267
    ],
    "dcg@10": [
      11.363817321656011,
      5.580059007348293
    ],
    "dcg@20": [
      17.64975551063427,
      7.806201990000785
    ],
    "ndcg": [
      0.6963269137787451,
      0.05659429295641089
    ],
    "ndcg@03": [
      0.19505845935677846,
      0.15538588765517344
    ],
    "ndcg@05": [
      0.2007902314884279,
      0.13284878483161836
    ],
    "ndcg@10": [
      0.22710957799688372,
      0.12383936550580743
    ],
    "ndcg@20": [
      0.2637225831883933,
      0.11763939572372883
    ],
    "precision@01": [
      0.10256410256410256,
      0.3033887068256214
    ],
    "precision@03": [
      0.1282051282051282,
      0.2083086770419477
    ],
    "precision@05": [
      0.12307692307692308,
      0.1608655091421346
    ],
    "precision@10": [
      0.1316239316239316,
      0.1453845902611313
    ],
    "precision@20": [
      0.13333333333333336,
      0.12659242088545833
    ],
    "recall@01": [
      0.005219756036749501,
      0.01991401927187066
    ],
    "recall@03": [
      0.01673912514987247,
      0.03808870571608364
    ],
    "recall@05": [
      0.024945312087131077,
      0.04221054034380351
    ],
    "recall@10": [
      0.052014737529660494,
      0.06335404264907844
    ],
    "recall@20": [
      0.10053023248700735,
      0.08459460146896379
    ],
    "relevant rank": [
      115.2540684158087,
      72.3162145348027
    ],
    "relevant rank per query": [
      2966.068376068376,
      1391.2929529020114
    ]
  },
  "test_query_level_metrics": {
    "ndcg": [
      0.7464262393447069,
      0.651337258887151,
      0.6912528603717433,
      0.7011623270614915,
      0.7549766994979658,
      0.6557159333061351,
      0.6822712970947283,
      0.7221317182565454,
      0.7672735893153999,
      0.5404827864396031,
      0.7337529433791966,
      0.6285036997614241,
      0.8211017631417017,
      0.6953771646791919,
      0.7297600807727165,
      0.667014706903296,
      0.6914131680760867,
      0.6891834901207046,
      0.7615671253815558,
      0.6573676889292508,
      0.6426558241711854,
      0.7364692387593276,
      0.8446389511379688,
      0.7919586189668366,
      0.5778016768004087,
      0.8406541115177487,
      0.7543334310289372,
      0.672665274475463,
      0.6689915576753226,
      0.6723902445681085,
      0.6558775046735241,
      0.7182926325620775,
      0.8276094353705737,
      0.7510299200346607,
      0.6531827300443945,
      0.6867681420555605,
      0.7081595385472481,
      0.6311479800131294,
      0.707531085325237,
      0.6755430745034328,
      0.7121061586207952,
      0.6928707130963117,
      0.6963888713541138,
      0.7516075359898299,
      0.6463567415385291,
      0.638371270742877,
      0.7158407040910865,
      0.7019767522453538,
      0.6980146278697336,
      0.5921476597348277,
      0.8183586555150968,
      0.7244175766230859,
      0.6392843964915182,
      0.6509998348516921,
      0.7526137791220537,
      0.6714659943120938,
      0.7221798915497022,
      0.6788039854916296,
      0.7622184312556155,
      0.6635518796108018,
      0.6666197324146722,
      0.6976221900243692,
      0.6415990802009164,
      0.7193889530146861,
      0.6874098033197844,
      0.7648899237771111,
      0.7664624478267121,
      0.6721320212717864,
      0.6903680456944173,
      0.6661563672004261,
      0.7379501730385791,
      0.6853843538089772,
      0.6645117540728692,
      0.7442762495201057,
      0.6840388655742489,
      0.7576494342440472,
      0.7131587694158567,
      0.6341542550586629,
      0.6583063540166724,
      0.7080673266905253,
      0.6340847931417248,
      0.7698360722524595,
      0.7216347201958273,
      0.5955048507178591,
      0.7526015198330231,
      0.6606342371844517,
      0.5935421782244383,
      0.5717183927768931,
      0.7816223624154097,
      0.7447767203103447,
      0.6880787400064593,
      0.726393239719403,
      0.7231683509838124,
      0.6684132315941101,
      0.7331203321018911,
      0.6600169230491613,
      0.7156251935665042,
      0.6837614118394221,
      0.6262105001507321,
      0.6630920282785842,
      0.617303931741437,
      0.7306988437541055,
      0.6157697315265267,
      0.7228495450731013,
      0.6442774555913905,
      0.7145962362172276,
      0.7105487239453497,
      0.6417805337793963,
      0.6892179996011545,
      0.650043375382821,
      0.6720375713753575,
      0.706939675202984,
      0.636111399679166,
      0.6562501498440241,
      0.826366696813486,
      0.7077079659387568,
      0.718418205060491
    ],
    "precision@05": [
      0.2,
      0.0,
      0.0,
      0.0,
      0.4,
      0.0,
      0.0,
      0.2,
      0.0,
      0.0,
      0.2,
      0.4,
      0.4,
      0.4,
      0.0,
      0.0,
      0.2,
      0.2,
      0.2,
      0.0,
      0.2,
      0.0,
      0.4,
      0.0,
      0.0,
      0.6,
      0.0,
      0.0,
      0.4,
      0.0,
      0.0,
      0.0,
      0.2,
      0.2,
      0.0,
      0.0,
      0.2,
      0.0,
      0.0,
      0.0,
      0.4,
      0.2,
      0.2,
      0.4,
      0.0,
      0.0,
      0.2,
      0.0,
      0.2,
      0.0,
      0.6,
      0.2,
      0.0,
      0.0,
      0.2,
      0.0,
      0.2,
      0.0,
      0.0,
      0.0,
      0.0,
      0.0,
      0.0,
      0.4,
      0.0,
      0.2,
      0.4,
      0.4,
      0.0,
      0.0,
      0.0,
      0.0,
      0.2,
      0.2,
      0.0,
      0.4,
      0.2,
      0.0,
      0.0,
      0.0,
      0.0,
      0.4,
      0.2,
      0.2,
      0.4,
      0.2,
      0.0,
      0.0,
      0.2,
      0.2,
      0.0,
      0.4,
      0.0,
      0.0,
      0.2,
      0.0,
      0.0,
      0.0,
      0.0,
      0.0,
      0.0,
      0.4,
      0.0,
      0.0,
      0.0,
      0.2,
      0.4,
      0.0,
      0.0,
      0.0,
      0.0,
      0.2,
      0.0,
      0.0,
      0.4,
      0.2,
      0.0
    ],