{
  "metrics": null,
  "test_metrics": {
    "dcg": [
      110.01155786509915,
      24.15620711179751
    ],
    "dcg@03": [
      19.237710332051517,
      8.025296968273716
    ],
    "dcg@05": [
      24.608810172802116,
      9.32435680604517
    ],
    "dcg@10": [
      32.40403679145829,
      11.497387220935247
    ],
    "dcg@20": [
      42.87394897814466,
      13.547446570789317
    ],
    "ndcg": [
      0.8490510473179411,
      0.05195563368741658
    ],
    "ndcg@03": [
      0.6552255242583804,
      0.23238091913014589
    ],
    "ndcg@05": [
      0.6377492019762435,
      0.19140664410230204
    ],
    "ndcg@10": [
      0.6166237637879268,
      0.15940143895278555
    ],
    "ndcg@20": [
      0.6235161040406249,
      0.13789519836700198
    ],
    "precision@01": [
      0.8034188034188035,
      0.3974129209423135
    ],
    "precision@03": [
      0.6837606837606837,
      0.3076923076923077
    ],
    "precision@05": [
      0.6170940170940172,
      0.26223581685082326
    ],
    "precision@10": [
      0.4974358974358974,
      0.22359209596504243
    ],
    "precision@20": [
      0.40982905982905987,
      0.17881845306211083
    ],
    "recall@01": [
      0.03648069677095576,
      0.027513762675875863
    ],
    "recall@03": [
      0.09276511859630839,
      0.05880883383259435
    ],
    "recall@05": [
      0.13573007938505482,
      0.07433453877100782
    ],
    "recall@10": [
      0.21162433722186455,
      0.09998899830527451
    ],
    "recall@20": [
      0.3417350578131639,
      0.14350775372959387
    ],
    "relevant rank": [
      65.06376619063434,
      62.41130473545318
    ],
    "relevant rank per query": [
      1674.4188034188035,
      1017.4876738732702
    ]
  },
  "test_query_level_metrics": {
    "precision@05": [
      0.8,
      0.8,
      0.6,
      0.2,
      0.8,
      0.8,
      0.0,
      1.0,
      0.8,
      0.6,
      0.8,
      0.6,
      0.6,
      1.0,
      0.2,
      0.4,
      0.4,
      0.6,
      0.6,
      1.0,
      0.8,
      1.0,
      0.8,
      0.0,
      0.2,
      0.4,
      0.4,
      1.0,
      0.8,
      0.8,
      0.6,
      0.6,
      1.0,
      0.8,
      0.4,
      0.4,
      0.8,
      0.4,
      0.8,
      0.4,
      0.8,
      0.4,
      0.6,
      0.0,
      0.4,
      0.6,
      0.8,
      1.0,
      0.8,
      0.4,
      1.0,
      0.8,
      0.4,
      0.0,
      0.6,
      0.4,
      1.0,
      0.8,
      0.8,
      0.8,
      0.8,
      0.2,
      1.0,
      0.4,
      0.6,
      0.4,
      0.6,
      1.0,
      0.4,
      0.8,
      0.8,
      1.0,
      0.4,
      1.0,
      0.8,
      0.8,
      1.0,
      0.6,
      0.4,
      0.0,
      0.6,
      0.2,
      0.8,
      1.0,
      0.4,
      1.0,
      0.8,
      0.6,
      0.4,
      0.4,
      0.4,
      0.6,
      0.4,
      0.8,
      0.8,
      0.8,
      0.8,
      0.4,
      0.6,
      0.6,
      0.6,
      0.6,
      0.2,
      0.6,
      0.4,
      0.6,
      1.0,
      0.4,
      0.6,
      0.6,
      0.6,
      0.6,
      0.2,
      0.4,
      0.4,
      0.8,
      0.8
    ],
    "recall@05": [
      0.19047619047619047,
      0.17391304347826086,
      0.17647058823529413,
      0.1111111111111111,
      0.08695652173913043,
      0.2222222222222222,
      0.0,
      0.10638297872340426,
      0.07547169811320754,
      0.23076923076923078,
      0.14814814814814814,
      0.21428571428571427,
      0.10344827586206896,
      0.16666666666666666,
      0.047619047619047616,
      0.07142857142857142,
      0.09090909090909091,
      0.08108108108108109,
      0.11538461538461539,
      0.3333333333333333,
      0.10256410256410256,
      0.15151515151515152,
      0.07407407407407407,
      0.0,
      0.125,
      0.05714285714285714,
      0.08333333333333333,
      0.1388888888888889,
      0.1111111111111111,
      0.23529411764705882,
      0.10714285714285714,
      0.05660377358490566,
      0.1,
      0.11764705882352941,
      0.10526315789473684,
      0.05128205128205128,
      0.18181818181818182,
      0.25,
      0.10256410256410256,
      0.125,
      0.1111111111111111,
      0.06896551724137931,
      0.07317073170731707,
      0.0,
      0.11764705882352941,
      0.08333333333333333,
      0.0851063829787234,
      0.16129032258064516,
      0.14285714285714285,
      0.05714285714285714,
      0.11904761904761904,
      0.10256410256410256,
      0.1,
      0.0,
      0.1111111111111111,
      0.13333333333333333,
      0.17857142857142858,
      0.16,
      0.09302325581395349,
      0.21052631578947367,
      0.21052631578947367,
      0.03225806451612903,
      0.19230769230769232,
      0.06060606060606061,
      0.13636363636363635,
      0.08,
      0.17647058823529413,
      0.1724137931034483,
      0.06451612903225806,
      0.12121212121212122,
      0.10810810810810811,
      0.14705882352941177,
      0.13333333333333333,
      0.11627906976744186,
      0.1,
      0.0975609756097561,
      0.18518518518518517,
      0.08571428571428572,
      0.05405405405405406,
      0.0,
      0.13043478260869565,
      0.03125,
      0.23529411764705882,
      0.25,
      0.09523809523809523,
      0.14285714285714285,
      0.3333333333333333,
      0.3333333333333333,
      0.06060606060606061,
      0.18181818181818182,
      0.07142857142857142,
      0.10714285714285714,
      0.09090909090909091,
      0.36363636363636365,
      0.16666666666666666,
      0.14814814814814814,
      0.19047619047619047,
      0.125,
      0.15,
      0.2,
      0.13636363636363635,
      0.07692307692307693,
      0.14285714285714285,
      0.23076923076923078,
      0.14285714285714285,
      0.3,
      0.14285714285714285,
      0.2,
      0.2,
      0.2,
      0.16666666666666666,
      0.125,
      0.07142857142857142,
      0.14285714285714285,
      0.3333333333333333,
      0.3076923076923077,
      0.14814814814814814
    ],